Country_Code,Country_Name,Year,GDP_per_Capita_USD,KM_Railway_per_1000_sq_km,Population_Density_sq_km,Land_Area_sq_km,Houshold_Transport,Household_Vehicle_Purchases,Household_Operation_Personal,Household_Transport_Services,Rail_Invest_USD
AUT,Austria,2007,46915.3374004507,74.6,100.526987396995,82520.0,13.387057925729,28.312827254205,53.713508568936,17.973664176859,1610350000.0
AUT,Austria,2010,46903.7615854343,69.5,101.350024236549,82520.0,13.324201866793,28.503336646788,54.609207919805,16.887455433408,2071520000.0000002
AUT,Austria,2011,51442.2762464407,65.6,101.692232186137,82520.0,13.776697080154,28.883213271829,54.635376175672,16.481410552499,2293010000.0
AUT,Austria,2012,48564.9173350875,66.4,102.156943771207,82520.0,13.533970518898,27.28785984755,55.660752479982,17.051387672468,1806160000.0
AUT,Austria,2013,50731.1272541847,66.0,102.760821619001,82520.0,13.071911892149,26.340771220325,56.053990427908,17.605238351767,1763360000.0
AUT,Austria,2014,51786.3771747905,66.0,103.567086766844,82520.0,12.450271708976,25.383508263757,55.537164546029,19.079327190214,1676690000.0
AUT,Austria,2015,44195.8175947748,65.8,104.734597673291,82520.0,12.054509625828,26.469255291953,54.132061139569,19.398637836819,1657430000.0
AUT,Austria,2016,45307.5878620429,65.5,105.873339796413,82520.0,11.962630340862,27.713067363028,52.815048265822,19.47188437115,1629610000.0
AUT,Austria,2017,47429.1584564387,65.9,106.61131846825,82520.0,12.206369543257,27.748477912769,52.90512636527,19.346395721961,1660640000.0
AUT,Austria,2018,51466.5565633634,65.9,107.131858943286,82520.0,12.444272007231,26.683015244259,53.998701163611,19.34563385746,1799740000.0
AUT,Austria,2019,50067.5857265892,67.0,107.609306834707,82520.0,12.126384748866,25.844455349567,54.100379772233,20.244809255709,1858590000.0
AUT,Austria,2020,48789.4978498872,66.9,108.057004362579,82520.0,10.629763410078,30.675229832811,55.143167628944,14.181602538245,2142140000.0000002
AUT,Austria,2021,53517.8904509612,66.8,108.528805138148,82520.0,11.495255150593,28.299066056787,58.115694661972,13.585284068236,2406965000.0
BEL,Belgium,2005,36809.7013403619,116.1,346.057364597094,30280.0,12.337538836398,26.354399676593,64.37299555316,9.2726047702466,1014924465.8740001
BEL,Belgium,2006,38705.1067959147,116.6,348.347357992074,30280.0,12.617045750637,28.553439478575,61.976094654289,9.4704658671354,993439820.8566184
BEL,Belgium,2007,44319.165448813,116.9,350.914795244386,30280.0,12.310691321742,28.333390830372,62.018934596297,9.6476745733309,878192658.4359299
BEL,Belgium,2008,48303.397956286,115.1,353.697919418758,30280.0,12.367755757403,27.754893073371,62.791505990991,9.4536009356374,1051666392.5765076
BEL,Belgium,2009,44760.2912443709,117.2,356.555250990753,30280.0,11.825581985533,28.297344364359,61.607490836256,10.095164799384,1502616280.5894291
BEL,Belgium,2019,46641.7214017087,118.4,379.424702774108,30280.0,11.225177969277,27.760823955751,62.331489605188,9.9076864390616,961930000.0
BEL,Belgium,2020,45609.0034936111,118.4,381.063540290621,30280.0,10.116015203037,30.247059250653,63.106756462387,6.646184286959,1078829880.75
BEL,Belgium,2021,51850.3971840229,118.3,382.635237780713,30280.0,9.8157856793418,26.199573542398,66.984427836051,6.8159986215512,1216869366.835
BGR,Bulgaria,2005,3899.82596332878,37.4,70.4986377025037,108640.0,15.58863504362,16.36343004123,46.854786851761,36.781783107009,48691072.70682046
BGR,Bulgaria,2006,4523.1465578805,37.4,69.9716652858326,108630.0,17.092679069469,19.103810446688,46.09265105811,34.801975555625,42125984.251968
BGR,Bulgaria,2007,5888.77685220636,37.3,69.4718534204953,108610.0,16.989728784933,21.851038415597,45.334514956524,32.813162254845,47596891.29767873
BGR,Bulgaria,2008,7271.30338858025,37.3,68.98592210662,108610.0,15.81496049649,23.905808793868,45.205980233965,30.889471561113,76592698.63994288
BGR,Bulgaria,2009,6988.27316296465,37.4,68.5744565217391,108560.0,16.351374967875,22.554036892203,45.829823083404,31.616140024394,53067798.3433884
BGR,Bulgaria,2010,6863.66706774052,36.9,68.1245302137067,108560.0,15.989947137145,22.718783351121,46.798292422625,30.482924226254,138961038.9610391
BGR,Bulgaria,2011,7857.16706984441,36.7,67.6890935887988,108560.0,15.396701283731,20.50212197797,46.67993896333,32.8179390587,96287964.00449918
BGR,Bulgaria,2012,7430.7373804242,36.7,67.2981577008106,108560.0,15.932668686998,18.97399173204,50.867484782396,30.158523485564,122001227.1193403
BGR,Bulgaria,2013,7687.71368243317,36.3,66.922577376566,108560.0,15.243490330879,20.867202212105,46.389835760769,32.744153893829,132395950.5061845
BGR,Bulgaria,2014,7912.27484371138,36.2,66.5432756079587,108560.0,14.859034494504,12.011986914683,53.673678932162,34.315528068961,178898660.39471832
BGR,Bulgaria,2015,7078.86032298969,36.2,66.1200350036846,108560.0,15.092342519215,11.638613637392,55.38550291842,32.975883444188,322236424.99233073
BGR,Bulgaria,2016,7570.93165511708,36.3,65.6579034635225,108560.0,13.986317146428,11.966781683139,54.28036727294,33.752851043921,164127211.37130082
BGR,Bulgaria,2017,8381.88134621669,36.3,65.1800571112749,108560.0,13.927429266771,13.766382016552,55.125897306434,31.107720677014,98476326.8227837
BGR,Bulgaria,2018,9447.65589681469,36.3,64.7110998526161,108560.0,13.352825388786,12.989224137931,55.564655172414,31.446120689655,102853052.45935164
BGR,Bulgaria,2019,9874.33632625168,36.3,64.2571941783346,108560.0,13.763989684803,13.513723736279,55.063149604768,31.423126658953,132943041.21075751
BGR,Bulgaria,2020,10148.3423954435,36.3,63.8726510685335,108560.0,11.681811768026,13.814637210257,60.032129872326,26.154440807354,183275386.0312916
BGR,Bulgaria,2021,12219.3418706779,36.3,63.3543017686072,108560.0,12.304921822717,13.553120797405,62.203346254252,24.243532948343,177804478.985583
CAN,Canada,2005,36382.5079164537,7.2,3.5963894177628,8965590.0,14.830691300997,44.024211199481,43.672031921314,12.303756879205,621573822.6137611
CAN,Canada,2008,46710.5055759013,7.1,3.70830229800827,8965590.0,14.934111836791,40.232727047952,46.822024076278,12.945248875771,660129545.3087913
CAN,Canada,2012,52669.0899632316,6.3,3.87193949310642,8965590.0,15.184758035651,39.126726702527,47.398110280637,13.475163016836,1117636986.301364
CAN,Canada,2013,52635.1749580433,6.2,3.91306695934121,8965590.0,15.403433526873,39.793204377704,46.951514380249,13.255281242046,1082198187.664411
CAN,Canada,2014,50955.9983232404,6.2,3.9526049038602,8965590.0,15.504705116112,40.580733551818,46.167170628957,13.252095819225,1029954325.4482244
CAN,Canada,2015,43596.1355365546,6.4,3.98221511356196,8965590.0,14.976735765366,43.374957690634,42.997799912964,13.627242396402,1139743227.9909182
CAN,Canada,2016,42315.6037056806,6.2,4.02756394169263,8965590.0,14.941408560809,44.827464850692,41.503457741646,13.669077407662,852264048.0087245
CAN,Canada,2017,45129.4292980922,6.2,4.07616632034255,8965590.0,15.584045464992,45.098060246585,41.606289584752,13.295650168663,982757443.3214922
CAN,Canada,2018,46548.6384108296,6.3,4.1341488959455,8965590.0,15.767802175911,43.544377311584,43.058371626234,13.397251062182,1157267023.918423
CAN,Canada,2019,46374.1527517191,6.5,4.19394931064213,8965590.0,15.283992343586,43.347984643943,42.467894409404,14.184120946653,1462004442.3504412
CZE,Czechia,2005,13430.6698955613,121.9,132.166916903961,77260.0,10.498166089838,32.314169774588,49.928459174818,17.757371050595,518308024.4281535
CZE,Czechia,2006,15261.7975911138,121.7,132.542459546926,77250.0,10.49274190325,33.185376572041,48.423266752791,18.391356675169,497577827.8083999
CZE,Czechia,2007,18466.5479299216,121.6,133.318161812298,77250.0,10.135975631257,35.351448557865,47.274420496572,17.374130945563,655417498.2527668
CZE,Czechia,2008,22804.5776774507,121.5,134.445921802175,77240.0,9.9069178658366,35.234789207593,46.222554941392,18.542655851015,1302357065.5875173
CZE,Czechia,2009,19861.6974295256,121.4,135.214085965821,77240.0,9.4354565281022,33.533736631623,46.457613634543,20.008649733834,792465261.5026363
CZE,Czechia,2010,19960.0684872157,121.3,135.626181535673,77230.0,9.2289307285651,32.297723517926,47.672559915892,20.029716566181,602601813.0853633
CZE,Czechia,2011,21871.2660754128,121.4,135.90687556649,77230.0,9.5585043505223,31.353934890699,49.72655715437,18.919507954931,478099734.842934
CZE,Czechia,2012,19870.8012123403,121.3,136.097177262722,77230.0,9.5379259167586,29.958559229121,51.485631519126,18.555809251753,408242330.7271963
CZE,Czechia,2013,20133.1691431353,121.2,136.159958559959,77220.0,9.3266617416905,30.423795896,51.518703444356,18.057500659644,358091291.09715044
CZE,Czechia,2014,19890.9199056648,121.2,136.30337995338,77220.0,9.7591538803089,30.629824578102,51.269738532852,18.100436889045,486042170.55614454
CZE,Czechia,2015,17829.6983223668,121.3,136.589288952208,77210.0,9.7225324192579,35.110599608701,47.656116929451,17.233283461848,1246470588.235325
CZE,Czechia,2016,18575.2320271915,121.3,136.851858567543,77210.0,9.7383645916124,38.539334278434,45.050810180585,16.409855540982,729200753.1201166
CZE,Czechia,2017,20636.199952435,121.3,137.21587877218,77210.0,10.251394624357,40.889511814754,45.24192115601,13.868567029236,605205642.8332622
CZE,Czechia,2018,23424.4804601855,121.4,137.675534257221,77210.0,10.436886879215,39.77808863971,47.824761988684,12.397149371606,792931041.8787146
CZE,Czechia,2019,23664.8478631108,121.2,138.226810266108,77205.5,10.191421597658,38.42369449277,49.066679976043,12.509625531187,816240874.4906517
CZE,Czechia,2020,22992.8793833348,121.0,138.575928842168,77198.53,9.070608181528,43.889591325033,48.30636692883,7.8040417461372,1201952713.0464761
CZE,Czechia,2021,26822.5141862111,120.7,136.108349053848,77186.83,9.5219461197409,41.231042890221,47.735880882646,11.033076227133,1550337663.958059
DEU,Germany,2005,34520.2396492496,107.0,236.464680582636,348760.0,13.443499246732,35.715878881407,49.545775136087,14.738345982506,3649770000.0
DEU,Germany,2007,41640.0808695147,106.4,235.943361918146,348670.0,13.090068115089,33.353497612905,50.647925748006,15.998576639089,4104520000.0000005
DEU,Germany,2008,45612.7106221441,105.9,235.522178240542,348630.0,13.243863515465,32.489843696206,51.375978333219,16.134177970575,4083120000.0
DEU,Germany,2009,41650.3678297162,106.2,234.939637417171,348610.0,13.536167263908,37.370539398124,47.126746490179,15.502714111697,3650840000.0
DEU,Germany,2010,41572.4559481507,106.1,234.606908225034,348570.0,12.829976516872,31.834842230624,51.748817741395,16.416340027981,4073490000.0
DEU,Germany,2011,46705.8957963353,106.0,230.304633348634,348560.0,13.719131185394,32.018594168193,51.788201781159,16.193204050649,4372020000.0
DEU,Germany,2012,43855.8544658618,106.3,230.750625466231,348540.0,13.553262240888,30.867311555078,51.853240795442,17.279447649479,6329050000.0
DEU,Germany,2013,46298.9229177341,106.0,231.155712565925,348880.0,13.299269294216,30.991231904554,51.977064102234,17.031703993212,6177432152.774879
DEU,Germany,2014,48023.8699845462,105.8,232.108053883634,348900.0,13.521724269658,31.360187153981,51.420258823646,17.219554022373,7327483198.573888
DEU,Germany,2015,41103.2564363768,107.7,234.152986871524,348860.0,13.197561251313,33.015154740746,49.283850621092,17.700994638163,7337149888.454126
DEU,Germany,2016,42136.1207907991,108.2,235.712929356538,349360.0,13.419618183201,34.075022198712,47.696529443993,18.228448357295,6861910000.0
DEU,Germany,2017,44652.5891722719,108.1,236.588722557747,349370.0,13.558767741514,34.247603964722,47.93071749083,17.821678544448,7549920000.0
DEU,Germany,2018,47939.2782884504,107.6,237.294012250272,349380.0,14.033475356902,33.916175031933,48.078245750439,18.005579217628,8121300000.0
DEU,Germany,2019,46805.1384334439,109.4,237.822954291766,349390.0,14.128852845682,35.742344488733,46.659769252647,17.419817562025,9177390000.0
DEU,Germany,2020,46749.4762280016,108.7,238.017318755545,349390.0,12.985335340342,40.420185433947,46.24857918518,13.331235380872,10288050000.0
DEU,Germany,2021,51426.7503654421,108.6,238.118085806692,349390.0,13.10329983471,35.397937776191,50.270499486676,14.331562737133,10783460000.0
DNK,Denmark,2005,48799.8256011275,73.7,135.4858,40000.0,13.368042833337,42.997134814354,48.236042518621,8.7668226670248,257746554.4775067
DNK,Denmark,2006,52026.9995142723,72.8,135.9318,40000.0,13.691353588241,44.516531578415,46.87079998342,8.6126684381656,190643643.33498213
DNK,Denmark,2007,58487.0549677696,73.8,136.53595,40000.0,13.51113625307,42.798697466061,47.548907103652,9.6523954302874,248299511.46185553
DNK,Denmark,2008,64322.0635020842,73.8,137.340525,40000.0,12.629327635132,36.921237222288,53.383380432938,9.6953823447748,399097371.2446323
DNK,Denmark,2013,61191.1937042028,48.6,140.3733,40000.0,11.868497441647,30.677494802688,57.137679343959,12.184825853352,1065853658.5365819
DNK,Denmark,2014,62548.9847332908,48.6,141.086875,40000.0,11.831659342026,31.278448706989,56.832925083913,11.888626209098,1240527706.609079
DNK,Denmark,2015,53254.8563700916,47.1,142.087075,40000.0,11.725117125242,33.065488717556,55.247093305489,11.687417976955,1400012066.6076689
DNK,Denmark,2016,54663.9983719195,47.5,143.20025,40000.0,11.585763459496,33.769447390309,54.548781145137,11.681771464554,1267978886.292236
DNK,Denmark,2017,57610.0981801135,46.1,144.1245,40000.0,11.57398015134,33.591219074247,54.916841890001,11.491939035752,1314143600.360326
DNK,Denmark,2018,61591.9288698958,46.1,144.8409,40000.0,12.206883830698,34.618637154573,53.466836171273,11.914526674154,1445961466.2158551
ESP,Spain,2005,26429.1509449319,25.4,87.4654972049129,499090.0,12.083397237534,34.776311073946,51.257316927488,13.966371998566,6167480000.0
ESP,Spain,2006,28389.0785799873,25.7,88.9761493446631,498980.0,12.241078615508,33.201819277769,52.967285878678,13.830894843553,6779520000.0
ESP,Spain,2007,32591.3503065871,26.4,90.6149005229308,499110.0,12.259018378854,31.908751491513,54.232047317843,13.859201190644,8929150000.0
ESP,Spain,2008,35510.7222312701,26.4,92.1293223736969,498800.0,12.138440025336,28.053945046635,57.940509200907,14.005545752458,9609670000.0
ESP,Spain,2009,32169.5028548583,26.4,92.9750651746681,498660.0,11.480137224681,24.997555148857,59.700470808477,15.301974042666,9386040000.0
ESP,Spain,2010,30532.4805081656,27.4,93.1519309613808,500010.0,11.800702176559,22.816101109872,62.106367160533,15.077531729595,8205830000.0
ESP,Spain,2011,31677.9003083652,27.6,93.5078358806114,499880.0,11.687103976733,19.183477297305,65.086845653712,15.729677048983,8081710000.0
ESP,Spain,2012,28322.9465923276,27.6,93.5068371284061,500210.0,11.671574161055,17.107648188729,66.27708789871,16.615263912561,5724500000.0
ESP,Spain,2013,29077.1820557563,30.3,93.2009456028468,500210.0,11.569428482209,18.56669820246,65.326395458846,16.106906338694,2899700000.0
ESP,Spain,2014,29513.6511800405,30.0,92.9227364506907,500210.0,11.811166748859,20.714620274339,63.341585814654,15.943793911007,3254940000.0
ESP,Spain,2015,25754.36102944,30.4,92.9526859210545,499661.0,12.005833316668,23.970786084951,59.893651098725,16.135562816324,2795910000.0
ESP,Spain,2016,26537.1594894542,32.0,93.0492629572988,499564.0,11.791340692316,26.760332247721,56.835567674013,16.404100078265,1772990000.0
ESP,Spain,2017,28185.3213671969,31.5,93.2709101549633,499547.35,12.42853052813,26.517579171846,57.979906259622,15.502514568532,2370050000.0
ESP,Spain,2018,30379.7211126422,30.5,93.6697920792501,499603.479,12.604827064567,26.993322859387,57.410316836868,15.596360303744,2319760000.0
ESP,Spain,2019,29581.5185513299,31.6,94.3508089023978,499570.036,12.305369839539,26.155670997573,58.165204116374,15.679124886053,2373260000.0
ESP,Spain,2020,26984.2962770279,31.9,94.815383748924,499556.645,10.351341626401,28.013656114215,60.676598386096,11.30974549969,2547195990.0
ESP,Spain,2021,30488.8209528797,32.2,94.8822087969797,499733.244,11.373618645334,27.441480952624,60.898057014636,11.66046203274,2695330000.0
EST,Estonia,2005,10412.6443137966,20.5,31.9597782495872,42390.0,12.077819418283,24.680861928105,49.505974264706,25.81316380719,21400000.0
EST,Estonia,2006,12639.4000677296,26.4,31.7718801604152,42390.0,13.019126968005,25.470256706028,51.563812241346,22.965931052626,22470000.0
EST,Estonia,2007,16744.5844516343,26.5,31.6272705826846,42390.0,13.6079720325,26.156911204701,53.669751763213,20.172496406325,32100000.000000004
EST,Estonia,2008,18204.9664786762,26.4,31.5425807973579,42390.0,12.780658914811,22.684222885122,56.387465973231,20.928311141647,24610000.0
EST,Estonia,2009,14711.7352728223,26.4,31.4818353385232,42390.0,11.291736182633,15.56342452453,60.651093723228,23.785481752242,39590000.0
EST,Estonia,2010,14663.0446126465,26.4,31.4101203113942,42390.0,12.001711019236,15.311833828641,61.340796202758,23.348420090941,37450000.0
EST,Estonia,2011,17487.8047830922,26.4,31.3149091766926,42390.0,12.652723041632,18.04702061304,59.631105944011,22.322796139438,100580000.0
EST,Estonia,2012,17403.2053254767,26.4,31.2030195800896,42390.0,12.961390810344,18.018725910241,59.003159583795,22.978114505964,51039000.0
EST,Estonia,2013,19056.0019226989,25.8,30.3196917414309,43470.0,12.477325794369,18.36585561712,60.254557134827,21.379587248053,28355000.0
EST,Estonia,2014,20261.0667303886,25.8,30.2402806533241,43470.0,12.044370367214,18.068122187416,60.744669009493,21.187208803091,16585000.000000002
EST,Estonia,2015,17402.0376128079,25.7,30.26011042098,43470.0,11.273340970434,19.985837326878,58.094132371589,21.920853712761,14017000.0
EST,Estonia,2016,18295.3429322114,25.7,30.2689210950081,43470.0,11.299804850216,20.669679701317,58.148162703871,21.182157594812,15515000.0
EST,Estonia,2017,20437.765376736,25.7,30.816,42750.0,11.66441369612,20.804488710494,59.121079686018,20.073718657094,14766000.0
EST,Estonia,2018,23165.8494786437,25.7,30.9234385964912,42750.0,11.748248741168,20.19249126087,59.512320362336,20.295188376793,28248000.0
EST,Estonia,2019,23424.4847073518,25.8,31.0385497076023,42750.0,11.787278433183,19.79158968295,59.992486389279,20.260882418151,33705000.0
EST,Estonia,2020,23595.2436836441,25.8,31.0999298245614,42750.0,9.8632287640477,19.206121399572,66.681504562653,14.112374037775,34240000.0
EST,Estonia,2021,27943.701219882,25.8,31.1329122807018,42750.0,10.164761129714,20.109722805544,66.234644057119,13.654976900462,64200000.00000001
FIN,Finland,2005,39054.8504423825,17.0,17.2234676122,304590.0,13.346460720131,33.675033531328,50.162866449511,16.162100019161,300670000.0
FIN,Finland,2006,41222.6020004611,17.5,17.3169839860577,304110.0,13.138863272339,32.074251939416,51.736239379387,16.189508681197,250380000.0
FIN,Finland,2007,48476.3927287052,17.4,17.3919563287185,304090.0,12.729912875121,29.159876878508,53.829440521456,17.010682600036,225770000.0
FIN,Finland,2008,53772.7942390019,17.5,17.4840375123396,303900.0,12.837631118881,28.725849008426,54.038641586518,17.235509405056,349890000.0
FIN,Finland,2009,47481.4845364339,17.5,17.5678545574202,303900.0,11.46476960244,24.043503592931,56.059429015343,19.897067391727,386270000.0
FIN,Finland,2010,46505.3031791811,17.5,17.6484106614018,303900.0,12.346439957492,25.88225167843,56.059562747461,18.058185574109,415160000.0
FIN,Finland,2011,51148.9316365833,17.6,17.7309947678436,303890.0,12.975534011506,27.485424976987,55.331389996932,17.183185026082,379850000.0
FIN,Finland,2012,47708.0612784469,17.6,17.8155615518773,303890.0,12.753623188406,24.871639987919,57.32407127756,17.804288734521,481500000.0
FIN,Finland,2013,49892.2233632732,17.6,17.8978314521702,303890.0,12.254377915062,23.932679688103,57.569674978769,18.497645333127,647350000.0
FIN,Finland,2014,50327.2402902632,17.6,17.9720030274112,303890.0,11.985702051607,24.332090711401,57.416899658279,18.25100963032,688010000.0
FIN,Finland,2015,42801.9081167285,17.5,18.0301108880919,303910.0,11.731720725673,26.054358013121,55.482661668229,18.46298031865,606690000.0
FIN,Finland,2016,43814.0265056965,17.5,18.0820078312658,303910.0,11.695890753749,28.218843126767,53.480553220753,18.30060365248,574590000.0
FIN,Finland,2017,46412.1364777169,17.5,18.1238944459068,303920.0,11.80161677955,27.340047393365,54.16172985782,18.498222748815,557470000.0
FIN,Finland,2018,49987.6261584968,17.5,18.1479501184522,303920.0,11.913436933349,27.652916073969,54.388335704125,17.958748221906,525370000.00000006
FIN,Finland,2019,48629.8582283032,17.5,18.1673609054717,303930.0,11.671246067388,27.318634423898,54.189189189189,18.492176386913,494340000.0
FIN,Finland,2020,49169.7193388499,17.5,18.1928768835954,303940.0,10.36402312456,29.595299180667,57.841595630224,12.563105189109,731880000.0
FIN,Finland,2021,53504.6936483441,17.5,18.2301659134121,303947.7,10.79078167072,28.164342254052,60.158311345646,11.677346400302,648420000.0
FRA,France,2005,34768.1759037525,56.0,115.40057930042,547557.0,14.108546676257,29.088765749125,56.219308915619,14.691925335256,4463379275.0
FRA,France,2007,41557.6235648179,56.5,116.922506697933,547557.0,13.981892574214,28.110882814824,56.697728797847,15.191388387329,4939567260.0
FRA,France,2008,45515.9617533473,56.3,117.576245030198,547557.0,13.938327824267,25.969904387935,58.205693691755,15.82440192031,5025269233.0116005
FRA,France,2009,41737.7635518137,56.1,118.181082517437,547557.0,13.611522296844,28.468322295034,54.888206620182,16.643471084784,5316584000.794
FRA,France,2010,40676.0647913181,55.0,118.764941366835,547557.0,13.603478325361,27.414166746173,56.191306955254,16.394526298573,5460387620.0
FRA,France,2011,43846.4660764798,55.1,119.339599347648,547557.0,13.931608631106,26.973846453371,56.777208125122,16.248296450127,7554206420.0
FRA,France,2012,40870.8523645734,55.5,119.918547292793,547557.0,13.585160045976,25.056448225163,57.997925855913,16.944969544213,8606103090.0
FRA,France,2013,42602.7179652667,55.0,120.539576701604,547557.0,13.219371561061,23.808316599174,58.615812612997,17.575870787829,11200635880.0
FRA,France,2014,43068.5487241739,53.2,121.105322368265,547557.0,13.119943968396,23.832810419914,58.104266036941,18.063592515537,9764093470.0
FRA,France,2015,36652.9223052178,52.6,121.536702115031,547557.0,12.988775483793,25.118732107154,56.627410344805,18.254521783605,9412997580.0
FRA,France,2016,37062.5335723829,49.0,121.857823021165,547557.0,13.129150201654,26.333753514981,55.893209218139,17.772390833576,9217675500.0
FRA,France,2017,38781.0494870836,51.0,122.211970625889,547557.0,13.614512044017,26.092213102304,56.010741386538,17.897045511158,9988203900.0
FRA,France,2018,41557.8548588876,50.0,122.650880182337,547557.0,14.042789395567,25.195203968813,57.193760347386,17.611035683801,11004825236.545872
FRA,France,2019,40494.8982936276,51.4,123.070294051578,547557.0,14.042523077891,24.791421692144,57.378352651324,17.830225656532,12335369680.100931
FRA,France,2020,39179.7442596057,50.9,123.404699419421,547557.0,11.698036274307,26.290423220087,62.111725512978,11.597851266935,11544635972.29199
FRA,France,2021,43671.3084099631,50.6,123.757533918843,547557.0,12.637303907699,22.772899149211,64.595253495199,12.63184735559,12366674467.26424
GBR,United Kingdom,2005,42104.7884375024,65.1,249.663977183483,241930.0,14.084181394209,33.733429026324,40.931026802287,25.335544171389,6159657844.714144
GBR,United Kingdom,2006,44512.4590296865,65.0,251.50589013351,241930.0,13.899120011629,33.551615394517,39.851493113657,26.596891491826,8495027867.409776
GBR,United Kingdom,2007,50397.6854954706,65.1,253.471925763651,241930.0,14.162329540547,32.252162717683,40.593589772548,27.154247509769,8270744482.834156
GBR,United Kingdom,2008,47396.1202078484,65.1,255.474703426611,241930.0,14.155706241615,29.655354123821,43.772734258927,26.571911617252,8066131525.423727
GBR,United Kingdom,2009,38744.131693043,64.9,257.414417393461,241930.0,13.595024430951,31.060859811337,42.636920943783,26.30221924488,6748634683.559814
GBR,United Kingdom,2010,39598.957119545,65.4,259.440189310958,241930.0,14.018392051478,28.16347168484,44.977429944894,26.859098370266,6834186751.340017
GBR,United Kingdom,2012,42497.3404974322,66.7,263.300190137643,241930.0,14.180006775423,26.584024819473,43.745667696325,29.670307484202,9379468820.12083
GBR,United Kingdom,2013,43426.2981405143,66.7,265.069536642831,241930.0,14.299997820496,28.917169946719,40.795849289057,30.286980764224,9016195230.805506
GBR,United Kingdom,2014,47439.6165895125,66.7,267.028884388046,241930.0,14.191445872426,31.528302813098,38.368967548726,30.102729638176,11028175793.65042
GBR,United Kingdom,2015,44964.3911437292,66.9,269.153139337825,241930.0,13.958888049662,32.669569494799,36.082518051583,30.656415675272,15692227961.43205
GBR,United Kingdom,2016,40985.2351382417,66.9,271.200731616583,241930.0,13.916761451847,34.040731204343,34.812014307185,30.410341251995,14456866821.345732
GBR,United Kingdom,2017,40572.1214823783,67.2,273.049472988054,241930.0,13.869205099911,31.827408877661,37.095701010466,30.419974738362,14082816845.46924
GBR,United Kingdom,2018,43203.8141057739,67.1,274.708981936924,241930.0,14.269601466191,30.114301143011,37.599199521407,31.537374197271,14490953887.883902
GBR,United Kingdom,2019,42662.5353740311,67.3,276.263080229819,241930.0,14.242920875036,31.490746537389,36.595801923644,31.680110099907,14229246141.57111
GRC,Greece,2005,22560.1472939077,19.5,85.2390535298681,128900.0,14.16257680171,34.650279483103,30.781262814323,34.568453574643,460100000.0
GRC,Greece,2006,24821.9367451879,19.0,85.4954383242824,128900.0,15.070307421929,36.939981650692,31.097573785709,31.9624445636,264290000.00000003
GRC,Greece,2007,28863.9732885018,19.3,85.7135221101629,128900.0,15.233646121607,37.293605953305,29.971535223892,32.734858822803,346680000.0
GRC,Greece,2008,32127.9831943287,19.3,85.9413576415826,128900.0,15.265022700816,35.974537347151,31.241996975031,32.783469575671,363800000.0
GRC,Greece,2009,29828.7560245271,19.3,86.1677036462374,128900.0,13.468922488704,36.262032625054,34.34851249387,29.389450840289,499690000.0
GRC,Greece,2010,26716.6488260274,19.3,86.278828549263,128900.0,11.663708274198,24.120315598604,39.1499607316,36.729723669796,538812104.5736467
GRC,Greece,2011,25483.8825644931,19.4,86.1512723041117,128900.0,11.542312331148,18.207084755336,43.941070380581,37.851844864083,175819909.2681133
GRC,Greece,2012,21912.9982879517,19.4,85.6866640806827,128900.0,11.02046981893,15.513983834377,43.24133134677,41.244678263982,263228829.99377412
GRC,Greece,2013,21787.7877636035,19.6,85.067579519007,128900.0,11.053171671207,13.299471331205,40.641670621351,46.058858047444,152632576.58410272
GRC,Greece,2014,21616.7100094908,17.0,84.5028161365399,128900.0,11.451217770321,14.051825914875,39.881015985905,46.06715809922,63513846.6177332
GRC,Greece,2015,18083.8779056547,17.0,83.947889837083,128900.0,11.513352080674,16.258611978035,37.935767008186,45.805621013778,367613901.51812196
GRC,Greece,2016,17923.9668134716,17.0,83.5994647013189,128900.0,11.731768513507,18.682036129348,37.015183386825,44.302780483827,481043564.8000333
GRC,Greece,2017,18582.0893411631,17.0,83.4342823894492,128900.0,12.033629712034,18.357107304463,34.442145176275,47.200747519262,239467834.4057851
GRC,Greece,2018,19756.990456255,17.4,83.2651823118697,128900.0,12.464070550632,21.346130887579,34.008422094148,44.645447018274,161534853.30990562
GRC,Greece,2019,19143.8876174584,17.3,83.1775174553918,128900.0,12.24967155996,24.273100198731,33.931134064273,41.79577160187,104705455.3177464
GRC,Greece,2020,17617.2915057014,17.8,82.999216446858,128900.0,10.067359414542,32.326645655572,39.978578932534,27.694775411894,54457755.862440206
GRC,Greece,2021,20310.6824798873,17.7,81.9953995345229,128900.0,11.62243316506,29.588712289656,36.546653935934,33.864640394426,52841931.559513
HRV,Croatia,2005,10446.3614889222,48.2,77.0163855335573,55964.0,12.391475909382,34.815285756454,53.071002020844,12.113712222702,100320179.40854631
HRV,Croatia,2006,11505.399839938,48.1,77.0345043242084,55964.0,12.609939397197,34.393585257134,51.655074634396,13.951340108469,130008600.80001621
HRV,Croatia,2007,13762.4562630334,48.1,77.0176720749053,55964.0,12.076560434468,30.554322829415,52.23326308159,17.212386796166,98716288.95763165
HRV,Croatia,2008,15898.7998960876,48.1,77.0085233364306,55964.0,10.713558158418,25.501777359819,53.95675277638,20.541441166621,134486863.5973534
HRV,Croatia,2009,14421.1714758536,48.1,76.927685655064,55964.0,10.463688308088,24.596644863117,53.180719012021,22.222604556016,105086292.6184736
HRV,Croatia,2010,13693.5000292691,48.1,76.7533950396684,55964.0,10.035045273754,24.311675750324,52.831801674064,22.856522575612,89255971.57243416
HRV,Croatia,2011,14655.8743881973,48.1,76.4888499749839,55964.0,10.05476711443,23.890134522081,53.233831159376,22.876065835829,86165035.49150349
HRV,Croatia,2012,13439.6645555189,48.1,76.2554141948395,55964.0,10.054265807961,23.674291494995,52.993220019318,23.332488485687,66152127.95660318
HRV,Croatia,2013,13979.1855602956,48.1,76.0433314273461,55964.0,9.8331525159988,21.51935279248,54.183581637409,24.297097191804,195957250.29687163
HRV,Croatia,2014,14001.1603438958,46.1,75.7342041312272,55964.0,9.7174245873549,22.016028423747,51.934406440062,26.049565136191,139871113.09040412
HRV,Croatia,2015,12098.5120254631,46.1,75.1126438424702,55964.0,9.0816068876737,22.574997680773,51.316794159014,26.108208160213,64222484.89624362
HRV,Croatia,2016,12579.9227031481,46.1,74.5898970766922,55964.0,9.0375536077031,25.471697493304,48.08902883607,26.439273670626,47432477.271218956
HRV,Croatia,2017,13592.2545240617,46.1,73.6997176756486,55964.0,9.1175960020249,25.237929531325,48.967740366356,25.794298920937,66943089.86656705
HRV,Croatia,2018,15040.0369182791,46.1,73.0441533843185,55964.0,9.5020174835946,24.870457612455,50.701020243339,24.428522144206,106594680.57858512
HRV,Croatia,2019,15120.9029026824,46.3,72.6405010363805,55964.0,9.3467797450314,25.160209924029,50.684214235262,24.155548526768,137172090.2644815
HRV,Croatia,2020,14269.9088549332,46.3,72.3316654753395,55960.0,7.4047420343996,20.473914711532,59.60391071975,19.922133711184,134984877.42756602
HRV,Croatia,2021,17809.0323901126,46.3,69.3173695496783,55960.0,7.647731174159,19.992575895983,60.397160838777,19.61026326524,150500059.76809573
HUN,Hungary,2005,11223.3993032598,82.6,112.566287244727,89610.0,15.375859472167,37.047283992149,49.337097692025,13.615618315827,182623154.908844
HUN,Hungary,2006,11489.5608654088,87.4,112.391139381765,89610.0,15.620728888281,34.975118836677,50.969589581186,14.055291582137,97807274.75793384
HUN,Hungary,2007,13940.9092761999,83.9,112.217163263029,89610.0,15.313622471746,34.141558466912,51.494964725656,14.363476807432,402785933.49681264
HUN,Hungary,2008,15772.3300839383,84.0,112.020845887736,89610.0,14.733886150485,31.870684912383,55.078359281646,13.050955805971,319030974.72565615
HUN,Hungary,2009,13077.305465178,79.4,110.710814094775,90530.0,13.276209232331,23.927302819046,62.768040928596,13.304656252358,339847874.2387077
HUN,Hungary,2010,13217.5045951108,79.0,110.460874848117,90530.0,12.073230008808,20.228769711137,66.085689140025,13.685541148838,291028255.35024744
HUN,Hungary,2011,14234.471576937,80.5,110.148315475533,90530.0,13.00500416445,18.788749878809,66.900219593058,14.311030528133,373191758.26142925
HUN,Hungary,2012,12984.8365730133,80.5,109.580934496852,90530.0,12.90658214053,18.930671332298,68.106381077435,12.962947590268,505487408.24307513
HUN,Hungary,2013,13715.0703590361,79.1,109.27959792334,90530.0,12.903029949731,19.383219640436,67.415605998058,13.201174361506,666825778.067546
HUN,Hungary,2014,14294.2584180751,77.3,108.113828621521,91260.0,13.711984021646,20.062743253755,66.79540414994,13.141852596305,670522246.5207292
HUN,Hungary,2015,12717.038597002,77.4,107.85698005698,91260.0,12.778649337937,21.281737133148,64.599683576778,14.118579290073,750376785.8727444
HUN,Hungary,2016,13104.6995457458,84.0,107.539151873767,91260.0,12.761350389596,23.117024139805,63.112106803528,13.770869056667,345786649.9711058
HUN,Hungary,2017,14621.2395956755,85.5,107.253626999781,91260.0,12.660195603207,21.972672115589,64.215112912222,13.812214972189,594977050.9825497
HUN,Hungary,2018,16425.2050299693,83.1,107.117729563883,91260.0,12.904558715752,23.149706687413,63.78301017942,13.067283133168,859348364.180977
HUN,Hungary,2019,16786.2136399075,83.2,107.069263642341,91260.0,12.574010737451,25.371903496434,62.164912160333,12.463184343233,941431869.3063527
HUN,Hungary,2020,16125.6094085407,83.7,106.839239535393,91260.0,11.243379150101,28.932795406796,62.759680866478,8.3075237267261,767855413.5334045
HUN,Hungary,2021,18753.0469453539,84.8,106.398104317335,91260.0,11.614859025551,25.952077199869,66.700032711809,7.3478900883219,690701886.7245493
IRL,Ireland,2005,50933.0216095589,27.2,60.3848744375091,68890.0,11.69022393418,42.270060307779,39.103428148273,18.626511543948,193487677.14670002
IRL,Ireland,2007,61396.417461176,26.1,63.8545797648425,68890.0,12.393218169072,40.348183078639,40.452940050087,19.198876871274,268611291.1609
IRL,Ireland,2008,61353.1065629523,26.9,65.1697488750181,68890.0,12.168831641415,35.610509050303,43.805417824878,20.584073124819,157695689.48350003
IRL,Ireland,2009,52133.0906162544,27.2,65.8350268544056,68890.0,10.981891678513,23.728256703668,51.423370433707,24.848372862626,148229747.4582
IRL,Ireland,2010,48663.6004439251,27.4,66.1947307301495,68890.0,12.154048606352,26.5030922586,51.202228006338,22.294690708301,108783302.80980001
IRL,Ireland,2011,52219.7057327581,27.5,66.4840179997097,68890.0,12.743282842253,24.847351846508,52.028823942713,23.123834661657,153103077.7806
IRL,Ireland,2012,48943.8206459561,27.5,66.7663376397155,68890.0,12.820766260339,22.469183912623,53.730176798682,23.800639288694,69129882.54020001
IRL,Ireland,2013,51496.9616850661,27.5,67.1188271156917,68890.0,12.44472260573,22.980917168171,52.040536691769,24.97854614006,70343286.979
IRL,Ireland,2014,55752.7649838131,27.5,67.6112643344462,68890.0,12.916908316277,28.463770012546,47.20718295361,24.329047033843,1669274116.4176002
IRL,Ireland,2015,62179.2642662951,27.5,68.2531136594571,68890.0,13.180229325645,33.742517861416,41.812368885104,24.445122253602,68314364.9951
IRL,Ireland,2016,62784.0656875694,27.5,69.027943097692,68890.0,13.046440161863,37.802553264864,37.503478194689,24.693977179242,37269694.728
IRL,Ireland,2017,70150.7370157965,27.5,69.7835389751778,68890.0,12.610974168935,36.000073772629,38.178244966305,25.821681261066,73626793.4966
IRL,Ireland,2018,79446.9391085469,29.1,70.6534475250399,68890.0,12.457966969847,35.519899004945,37.598039252013,26.913828548016,46663306.5723
IRL,Ireland,2019,80848.3019020489,29.1,71.6263608651473,68890.0,12.347793509807,36.672349231454,36.436384193621,26.891266574925,76921225.2492
IRL,Ireland,2020,85973.0884875501,29.1,72.3672811728843,68890.0,10.538386235618,39.480195138514,41.752330089746,18.76747477174,108070000.0
ITA,Italy,2005,32055.0920757503,53.8,196.029609289932,295718.0,13.804444565879,27.345135973718,61.945123806047,10.709740220235,10887250000.0
ITA,Italy,2006,33529.7266014361,54.1,196.61968158854,295718.0,13.651175218558,27.516270407436,61.744748603396,10.73905977095,9597900000.0
ITA,Italy,2007,37870.7475070969,54.2,197.614991309288,295718.0,13.359005072196,28.265199067537,60.486669247323,11.24813168514,8241140000.000001
ITA,Italy,2008,40944.9124194678,54.9,198.928475777599,295718.0,13.222658877229,24.520795995017,63.759024873686,11.720179131297,7606630000.0
ITA,Italy,2009,37226.7571935402,55.4,199.836888522173,295718.0,12.676175936284,27.264562610822,60.726680377306,12.008674616201,6085090000.0
ITA,Italy,2010,36035.6449950691,55.4,200.452515572268,295718.0,12.599561980208,24.024060650804,63.371318166324,12.604701955837,5107110000.0
ITA,Italy,2011,38649.6394836789,55.5,200.797546987333,295718.0,12.725550501324,21.107138702548,65.713909030982,13.17895226647,4778620000.0
ITA,Italy,2012,35051.5212697703,55.6,201.339509262203,295718.0,12.675303700233,18.998025782805,67.832136480545,13.169759082579,4534660000.0
ITA,Italy,2013,35560.0814062288,55.6,203.687120838096,295718.0,12.354124951608,18.411438479685,67.701967398241,13.886594122074,4390210000.0
ITA,Italy,2016,30960.7315088902,55.7,205.017949533001,295718.0,12.346270903621,23.922556074454,60.945977314485,15.131466611061,4145180000.0000005
ITA,Italy,2017,32406.7203150134,55.7,204.710937447163,295718.0,12.598768778243,24.945719707841,59.778265945634,15.276014346525,3526720000.0
ITA,Italy,2018,34622.1696664741,55.7,204.322225904409,295718.0,12.920186828153,24.857347211072,60.296996428115,14.845656360814,3054850000.0
ITA,Italy,2019,33673.7509627421,55.7,201.980545589195,295717.0,12.988603609743,25.085141543834,59.858364121176,15.05649433499,4543220000.0
ITA,Italy,2020,31922.9191626183,55.7,200.999100491348,295717.0,11.148683456659,28.538628508907,61.858834740627,9.6025367504665,10451760000.0
LTU,Lithuania,2005,7854.76527867855,27.1,53.0077855775367,62680.0,13.942359717697,20.528198415447,67.630111870907,11.841637164956,72760000.0
LTU,Lithuania,2006,9230.70798102521,27.1,52.1682992980217,62680.0,15.733556161835,20.23692038409,69.206592488644,10.556507661544,53500000.0
LTU,Lithuania,2007,12285.4470537014,27.0,51.5522335673261,62680.0,16.301199691035,20.931582411044,67.830837973057,11.237613381853,81320000.0
LTU,Lithuania,2008,14944.996652175,27.0,51.0288153171121,62675.0,16.820358667114,17.987398277486,71.051259356152,10.961362410913,90950000.0
LTU,Lithuania,2009,11820.7761591359,27.1,50.4653530115676,62675.0,14.414822715129,16.420537116516,74.436595382304,9.1428675011802,71690000.0
LTU,Lithuania,2010,11987.508411647,27.1,49.418141204627,62675.0,14.946811325274,15.976683076838,69.880450861637,14.142866061525,114490000.0
LTU,Lithuania,2011,14376.9478643932,27.1,48.3153301209433,62674.0,14.880679850346,16.213462787597,71.855765614851,11.930771597552,124120000.0
LTU,Lithuania,2012,14367.709424872,27.1,47.6716501260491,62674.0,14.785752511575,16.642698090956,71.583699725575,11.773569756986,149800000.0
LTU,Lithuania,2013,15729.6524666512,27.1,47.1908895093738,62675.0,15.059327557391,16.641347132935,71.280840134349,12.077782337118,148730000.0
LTU,Lithuania,2014,16551.018202078,27.1,46.805538707103,62650.0,15.052849395877,15.580931799731,72.055364324497,12.36373320569,282480000.0
LTU,Lithuania,2015,14263.9645773495,28.7,46.3672785315243,62650.0,14.758982509798,16.775491861625,70.75703667233,12.467500496419,192600000.0
LTU,Lithuania,2016,15008.3132445526,29.3,45.7876664218895,62642.0,14.349784275008,19.781102845834,69.030261152438,11.188607566141,74900000.0
LTU,Lithuania,2017,16885.4073948373,29.3,45.1525837710126,62641.0,15.283528297981,20.423733396668,69.259989288535,10.316277314797,52430000.0
LTU,Lithuania,2018,19186.359591641,29.3,44.731646175954,62630.0,15.817254795054,20.872239933342,68.953303023167,10.174457043491,69550000.0
LTU,Lithuania,2019,19615.5491450175,29.3,44.6205206004471,62620.0,15.741075482692,21.856894189393,66.907404980966,11.23570082964,92020000.0
LTU,Lithuania,2020,20381.8557827478,29.3,44.6324656659214,62620.0,14.082177996754,24.828206384405,69.63031521364,5.5414784019549,186180000.0
LTU,Lithuania,2021,23849.6156993566,29.3,44.7346909439387,62610.0,15.246251508012,24.854446223458,68.47972127535,6.6658325011925,116630000.0
LUX,Luxembourg,2006,90788.8004876145,106.3,183.586849281014,2574.46,17.576289558068,36.246615301061,59.980769172699,3.7726155262401,111156808.76
LUX,Luxembourg,2007,107475.320297978,106.3,186.444147510546,2574.46,17.167399441009,35.457796637268,60.392371066779,4.149832295953,148177509.78
LUX,Luxembourg,2008,120422.137934157,106.3,189.806794434561,2574.46,16.809920042475,30.212245682738,65.44674630844,4.3410080088215,160225198.32000002
LUX,Luxembourg,2009,109419.746953106,106.3,193.354334501216,2574.46,15.374100048699,33.717051739144,61.359095701728,4.9238974454732,184412468.07000002
LUX,Luxembourg,2010,110885.991378721,106.3,196.916246513832,2574.46,15.407044778273,30.492972521197,64.60729825455,4.8996864949261,167495488.8
LUX,Luxembourg,2011,119025.057203467,106.3,201.342029008025,2574.46,16.653206930543,26.363599842581,69.107322600156,4.529114754635,160958263.88
LUX,Luxembourg,2012,112584.676270958,106.3,206.235870823396,2574.46,16.700742798452,25.460206598538,70.118028434526,4.4217649669356,133678769.03
LUX,Luxembourg,2013,120000.140729859,106.3,211.05785290896,2574.46,15.599603043273,23.142152541277,71.633022270439,5.2247878173864,156100960.36
LUX,Luxembourg,2014,123678.702143275,106.3,216.091529874226,2574.46,15.179239760283,23.685617759378,70.954821637314,5.3595239012789,204908618.74
LUX,Luxembourg,2015,105462.012584423,106.3,221.251835336342,2574.46,14.187338396285,26.136161939269,67.819584323562,6.0442148983413,297182804.73
LUX,Luxembourg,2016,106899.293549552,106.3,226.072263698018,2574.46,14.152408106755,30.707182415459,63.193658534579,6.0991590499616,339383267.68
LUX,Luxembourg,2017,110193.213797228,104.8,231.635372078028,2574.46,14.137396931621,29.212626784116,64.984890877767,5.8024465726488,310298848.68
LUX,Luxembourg,2018,116786.511654677,104.8,236.146609386046,2574.46,15.231603300967,29.435820273632,65.022451770533,5.5417279558346,282392197.94
LUX,Luxembourg,2019,112726.439672814,101.7,240.827591028798,2574.46,14.999264726067,27.628459715859,65.41387183145,5.8733596872044,251931092.33
LUX,Luxembourg,2020,116905.370396853,101.7,244.874264894386,2574.46,13.155595190741,32.546912344134,63.820032764832,3.6330548910346,284383450.82
LVA,Latvia,2005,7594.90238431362,35.1,35.9779356228004,62227.0,12.262985252305,22.697116936079,54.941602711125,22.361178553286,37450000.0
LVA,Latvia,2006,9723.44690174779,35.1,35.6494287045816,62227.0,12.608297852017,27.876058544226,52.298655380549,19.825361382951,31030000.0
LVA,Latvia,2007,14113.5291277327,35.1,35.3596509553731,62227.0,12.887524598892,27.963189249239,54.967130305262,17.069739505233,38520000.0
LVA,Latvia,2008,16467.1436879405,35.0,34.9899882687579,62227.0,11.083765939551,18.232274880395,62.166926611416,19.600798508189,67410000.0
LVA,Latvia,2009,12331.9285524089,29.2,34.4170376203256,62227.0,10.253746488176,9.0249760013356,66.485604279414,24.489332767568,67410000.0
LVA,Latvia,2010,11420.9940032836,29.4,33.7081170552975,62227.0,11.159314641112,13.74807135565,64.29655266546,21.955455798624,78110000.0
LVA,Latvia,2011,13338.9622350852,28.9,33.0999244700853,62227.0,11.827666195334,15.46949463322,65.003345128377,19.527160238403,56710000.0
LVA,Latvia,2012,13847.3379393194,28.8,32.691902228936,62227.0,11.99386965603,18.566191932494,62.729311630099,18.704560645626,109140000.0
LVA,Latvia,2013,15007.4918561719,28.8,32.3436289713468,62227.0,11.10903174098,18.791402198493,61.548663755019,19.659998491976,82390000.0
LVA,Latvia,2014,15742.3913381908,28.8,32.0404647500281,62227.0,11.433352880481,21.420031982208,58.717163520774,19.862804497018,145520000.0
LVA,Latvia,2015,13786.4567953114,28.8,31.7792437366417,62227.0,11.746169833284,20.680084646078,61.32158713138,20.755018382001,223630000.0
LVA,Latvia,2016,14331.7515885049,28.8,31.4901409356067,62227.0,11.921448780487,19.868961580998,62.328068849619,21.124240246952,26108000.0
LVA,Latvia,2017,15695.1151541059,28.8,31.2123033409935,62227.0,11.983960511825,22.702001748862,59.663282523287,20.859025727974,25145000.0
LVA,Latvia,2018,17865.0310947642,28.8,30.9700612274415,62227.0,11.925621356841,21.02607845078,61.506240623538,20.720306334946,22363000.0
LVA,Latvia,2019,17883.3494113217,28.8,30.755491989008,62227.0,11.665873019563,20.59945846876,60.486081667597,19.38454239938,28360350.0
LVA,Latvia,2020,18096.2027073394,28.8,30.5391129680219,62230.0,10.162097656107,23.113887498578,63.708740251711,13.177372249711,51916400.0
LVA,Latvia,2021,20930.3982374189,28.8,30.2826610959344,62230.0,11.062204275844,22.802399646718,63.171768793855,14.025783191155,89441300.0
MKD,North Macedonia,2005,3072.67963241319,27.2,80.0965395202517,25430.0,9.1779657874072,28.421468728039,36.595221363317,34.983309908644,1448816.6882279452
MKD,North Macedonia,2006,3362.97069325398,27.2,80.2291781360598,25430.0,9.7291073643846,28.79974832117,36.734234146758,34.466017532072,944273.483042136
MKD,North Macedonia,2007,4079.39040357019,27.2,80.9971858898137,25230.0,9.8073706931672,30.609895622481,34.368894443173,35.021209934346,629571.2149318815
MKD,North Macedonia,2008,4841.25366017816,27.2,81.1295283392786,25230.0,9.9473021384817,38.215374403855,30.271276857269,31.513348738876,5850792.946077034
MKD,North Macedonia,2009,4584.71243091987,27.2,81.311300555115,25220.0,9.1476311763903,31.989211700006,31.42398086911,36.586807430883,3457375.1952178124
MKD,North Macedonia,2010,4577.68954288046,27.2,81.4831086439334,25220.0,9.4450387973104,36.559191131995,32.334982395151,31.105826472854,2400444.7796909865
MKD,North Macedonia,2011,5098.09470097215,27.2,81.6232751784298,25220.0,10.269588672849,29.81216462955,39.443194318036,30.744641052414,486927.2388332636
MKD,North Macedonia,2012,4728.31307850676,27.2,81.72260111023,25220.0,9.1418617177653,25.619654748004,42.40855871493,31.971786537066,643406.1031757464
MKD,North Macedonia,2013,5241.05360094583,27.2,81.8410785091197,25220.0,8.6366030503181,20.908124573623,44.399105202202,34.693087528359,2797312.942788843
MKD,North Macedonia,2014,5495.73138040533,27.2,81.9774385408406,25220.0,8.393571198558,19.770384957885,45.418710721433,34.810904320682,3576818.3485166943
MKD,North Macedonia,2015,4861.55615984223,27.2,82.0866772402855,25220.0,8.1629351058247,20.504885942163,42.577495990093,36.917302947321,6495637.706448102
MKD,North Macedonia,2016,5149.58676436907,26.6,82.1764472640761,25220.0,8.1361112620036,21.545717654625,41.805736336769,36.648546008606,8529315.310459493
MKD,North Macedonia,2017,5450.49706853299,26.6,82.2562252180809,25220.0,8.5889967699845,26.19589977221,38.584281059212,35.220099353613,6037865.95555675
MKD,North Macedonia,2018,6108.73917044261,26.6,82.3242268041237,25220.0,8.4055202180827,27.094059365803,37.734553837589,35.171386796609,6709115.471965617
MKD,North Macedonia,2019,6070.38805358275,26.6,82.3431403647898,25220.0,8.5606091601119,28.510272878527,36.06228899004,35.427438131433,13524006.1587182
NLD,Netherlands,2005,41994.7135305232,67.7,483.408412322275,33760.0,13.091543462245,31.88511444817,53.573407202216,14.541478349614,1177000000.0
NLD,Netherlands,2006,44900.9381441374,67.4,484.185456161137,33760.0,13.365873999859,31.08721691412,53.792584751664,15.120198334215,752210000.0
NLD,Netherlands,2007,51799.2085521047,67.5,485.23981042654,33760.0,13.13401840381,30.941606237392,53.557603184123,15.500790578485,904150000.0
NLD,Netherlands,2008,57879.9437553916,69.5,487.132494075829,33760.0,13.198427688298,30.093729372937,53.945874587459,15.960396039604,877400000.0
NLD,Netherlands,2009,52722.2130568997,69.7,490.079691669137,33730.0,12.815366868805,29.190180586907,55.05079006772,15.759029345372,832460000.0
NLD,Netherlands,2010,50999.7451168879,72.6,492.599881411207,33730.0,12.996551125226,30.136911580211,54.295532646048,15.567555773741,1173790000.0
NLD,Netherlands,2011,54230.3129029852,72.6,495.049644128114,33720.0,13.155905402594,29.025541000026,55.407364453465,15.567094546509,1215520000.0
NOR,Norway,2005,67047.1704558264,12.7,12.6580888392417,365244.0,15.080106041882,39.130174170677,42.431196588515,18.438629240808,206711677.4201568
NOR,Norway,2006,74434.4996835671,12.7,12.760447810231,365244.0,15.500770640067,38.866219533168,42.730172130763,18.403608336069,276333221.4806847
NOR,Norway,2007,85502.2677087731,12.7,12.89317004523,365244.0,16.440916835847,41.52437259685,38.752222268161,19.72340513499,331743636.43165815
NOR,Norway,2008,97503.5407803783,12.7,13.0548674310872,365244.0,15.871572724934,38.201657891331,41.80215648478,19.996185623889,307673134.9090517
NOR,Norway,2009,80347.5700665184,12.1,13.2205484552792,365244.0,15.047661295859,36.395987899122,42.588914079554,21.015098021324,383683896.9846977
NOR,Norway,2010,88163.2085931423,12.2,13.3862623342204,365244.0,15.74237486654,38.723024655038,41.976831729522,19.30014361544,512814139.39545095
NOR,Norway,2011,101221.813476644,12.1,13.5610386481366,365244.0,16.307947661177,37.931177815386,42.619874706808,19.448947477806,600401627.0386052
NOR,Norway,2012,102175.919298374,12.0,13.7403297521657,365244.0,16.274914778983,37.89861277616,42.735057372838,19.366329851002,723114172.9650143
NOR,Norway,2013,103553.840134417,12.0,13.9120886837683,365122.96,15.833641299205,35.991701291599,43.409799466673,20.598499241728,897390167.9670975
NOR,Norway,2014,97666.6951838749,12.1,14.0704449094514,365108.0,15.626713445984,35.712161105174,42.87893977284,21.408899121986,1303578652.559528
NOR,Norway,2015,74809.9658049898,12.0,14.2079384825517,365190.7,15.558922705795,36.61408575872,40.612139101364,22.773775139916,1371110638.916505
NOR,Norway,2016,70867.3609970749,12.0,14.3354243797401,365145.73,15.359340457688,36.943524320333,39.577073355827,23.47940232384,1562851485.574717
NOR,Norway,2017,76131.8384032764,12.0,14.452576255125,365123.0,15.673130122621,38.894710663183,37.652660604509,23.452628732307,1336496366.014161
NOR,Norway,2018,82792.8427113304,12.0,14.5488896436123,365108.0,15.536432275084,37.082767342733,38.855684106984,24.061548550283,1408856738.1205719
NOR,Norway,2019,76430.5889473338,12.0,14.6479975020132,365094.0,15.554202449669,37.773292361165,37.215732950766,25.01097468807,1644591205.823553
NOR,Norway,2020,68340.0181033702,12.0,14.7672152298338,364285.0,13.545498092485,44.654415711534,41.160157031143,14.185427257323,1580237393.7042592
POL,Poland,2005,8021.54789037388,64.8,124.589315444129,306330.0,10.216957934777,28.622288772216,49.295222931948,22.082488295836,252697260.4782987
POL,Poland,2006,9035.53275810927,64.5,124.514452206843,306320.0,10.01412869849,27.26577775612,50.649322962033,22.084899281846,377992862.8276602
POL,Poland,2007,11254.3140875349,64.3,124.44685296422,306320.0,10.84204698451,31.515245298104,49.586001018717,18.89862473162,692101715.5243104
POL,Poland,2008,13995.7811598115,64.6,124.471952334313,306300.0,11.712579793534,36.83014758549,45.713798017141,17.456162431547,966777616.5685225
POL,Poland,2009,11525.9007370991,65.1,124.564460624265,306280.0,10.88315693358,32.443459388157,49.69033175532,17.866099297618,695408563.9059551
POL,Poland,2010,12504.2501856093,64.7,124.209200731357,306280.0,14.617237374301,30.932077888446,56.658385940754,12.409458635913,738420525.65707
POL,Poland,2011,13776.3883624327,64.7,124.296296901022,306230.0,14.581737146775,25.749008532194,61.540598454453,12.710393013353,990062398.329567
POL,Poland,2012,13010.7555868425,64.3,124.300058781268,306220.0,14.898980353065,24.766719406197,62.581507062698,12.651841552855,461059197.47627574
POL,Poland,2013,13558.3411314221,61.8,124.229110740995,306210.0,14.550194927494,26.803442072348,60.646786568897,12.549771358755,281196540.4684169
POL,Poland,2014,14181.9486817352,61.5,124.144273163722,306190.0,14.551539584476,29.442897555211,57.96693616898,12.590233645773,56766638.78599592
POL,Poland,2015,12560.051419682,61.5,124.061569613639,306190.0,14.204941930841,32.505071095591,54.128690537854,13.366171531688,364272735.9663331
POL,Poland,2016,12378.8117641782,61.2,124.008253045495,306190.0,13.659288204859,35.783643681803,51.39415257942,12.822203738776,349424786.87321883
POL,Poland,2017,13815.4999463758,61.4,124.0237303635,306190.0,14.721198991331,36.188525682707,51.718574513288,12.092899804005,546023541.5736643
POL,Poland,2018,15504.5089370714,61.4,124.031583760656,306170.0,14.585971866857,35.630480056243,52.858859396625,11.510660547132,494240247.8524195
POL,Poland,2019,15700.0135796738,61.9,124.025595374212,306110.0,14.525736507012,33.490678716687,53.529035919583,12.980285363729,700635253.0541005
POL,Poland,2020,15816.8204021382,62.0,123.800574919152,306130.0,13.084782131025,34.085818620185,54.404387207535,11.50979417228,669472452.2866352
POL,Poland,2021,18050.2794441161,61.7,123.316314929762,306100.0,13.624332303076,35.532420920411,53.861382750444,10.606246653435,731698071.866779
PRT,Portugal,2007,22811.0564844365,30.9,115.261440909588,91470.0,14.922086936748,36.149861022908,52.727477329306,11.122661647787,352030000.0
PRT,Portugal,2008,24949.0413566739,30.9,115.427757734776,91470.0,14.497476795519,34.594599132168,53.269518562105,12.135882305726,419440000.0
PRT,Portugal,2009,23151.2154130712,30.9,115.386472322306,91590.0,12.810330107118,31.12348377234,55.667766366342,13.208749861318,385200000.0
PRT,Portugal,2010,22520.6423124045,30.9,115.439458456163,91590.0,13.824111193742,35.235283801459,52.267719528981,12.49699666956,431210000.0
PRT,Portugal,2011,23217.2954965207,30.4,115.269789278305,91590.0,13.140481957922,29.279170938191,58.386463680804,12.334365381005,356310000.0
PRT,Portugal,2012,20563.7136012629,27.6,114.803406485424,91590.0,12.005918394185,21.930692823616,63.880776230566,14.188530945818,92020000.0
PRT,Portugal,2013,21653.1959752225,27.7,114.156128691384,91605.2,11.663962001531,23.575468377563,60.84267648436,15.581855138077,75970000.0
PRT,Portugal,2014,22103.7009703321,27.7,113.541770372117,91605.6,12.286200684161,28.620545882407,56.374301316916,15.005152800677,128400000.00000001
PRT,Portugal,2015,19250.1065376852,27.7,113.072519583956,91605.6,12.357274081112,33.745571094029,51.669588399508,14.584840506463,189390000.0
PRT,Portugal,2016,19991.9724878805,27.7,112.716384151187,91605.6,12.77592401306,36.045021515703,50.862906652199,13.092071832098,84530000.0
PRT,Portugal,2017,21490.429863104,27.7,112.441815784188,91605.6,13.258320584429,36.580855218949,50.612025517941,12.80711926311,117700000.0
PRT,Portugal,2018,23562.5545228191,27.7,112.261935951514,91605.6,13.442448356206,36.415752078978,50.76588056003,12.818367360992,141240000.0
PRT,Portugal,2019,23330.817288932,27.5,112.288582794065,91605.6,13.591988440423,34.600607557336,51.708500949907,13.690891492757,231120000.0
PRT,Portugal,2020,22242.406417972,27.5,112.406676011074,91605.6,11.347992024724,36.790241036579,55.587999725208,7.6217592382134,235400000.0
PRT,Portugal,2021,24661.1664874576,27.5,113.113510527741,91605.6,11.931476795837,33.279299375599,56.08927417647,10.631426447931,328490000.0
ROU,Romania,2005,4618.00350802913,45.9,92.7023436820593,229980.0,17.469527261363,18.321767567999,58.28091705694,23.397315375061,116676788.86925331
ROU,Romania,2006,5757.53127301178,45.3,92.1547960692234,229980.0,18.006677134678,22.242628547863,54.351662263056,23.40570918908,108991601.40733361
ROU,Romania,2007,8360.33775916596,45.2,90.8390186610988,229890.0,15.87435025097,21.406240545392,51.090851637454,27.502907817154,332421582.43207186
ROU,Romania,2008,10435.2179803541,45.2,89.3339495432797,229900.0,15.05850526906,21.469057759374,51.433750305053,27.097191935573,338368621.0640648
ROU,Romania,2009,8548.04859012993,45.2,88.5311962096844,230060.0,13.198477881235,22.308863872204,56.782585182429,20.908550945367,189791489.76318184
ROU,Romania,2010,8397.80917311457,45.2,88.0107411432297,230050.0,11.305120153383,27.689358917088,48.842705617137,23.467935465775,180679713.10501722
ROU,Romania,2011,9560.15942530942,45.2,87.5332493374462,230170.0,10.658100024538,24.124723005577,50.709334172672,25.165942821751,172670221.2994855
ROU,Romania,2012,8930.72991164974,45.2,87.201265107382,230020.0,11.4946503527,25.671441858809,48.758361036568,25.570197104623,126006594.73767212
ROU,Romania,2013,9497.20647561211,45.2,86.8742903099596,230030.0,12.375923755798,23.082786400264,49.08921694345,27.827996656286,223476568.6873502
ROU,Romania,2014,10031.3421526698,45.2,86.5306806328234,230080.0,11.666571010059,22.957488904337,51.937115662264,25.105395433399,297095155.59255964
ROU,Romania,2015,8976.9544892648,45.2,86.1248956884562,230080.0,12.405405868267,21.849818546976,48.461478818503,29.68870263452,344454692.702245
ROU,Romania,2016,9404.38125929526,45.2,85.6322453059805,230080.0,11.684155469273,20.496055384096,50.571758238666,28.932186377238,280437783.9137817
ROU,Romania,2017,10727.9708633184,45.2,85.1387126216968,230080.0,12.883411444683,25.6499678219,47.081625113219,27.268407064881,229518243.7017044
ROU,Romania,2018,12494.4235789649,45.2,84.6399947844228,230080.0,12.897002992874,24.28981974267,51.089897498673,24.620282758657,195653201.5470539
RUS,Russian Federation,2011,14311.064453125,5.0,8.72944024102286,16376870.0,12.24615001421,41.589936692985,35.634929179162,22.775134127853,10560876159.929522
RUS,Russian Federation,2012,15420.859375,5.0,8.74414469920076,16376870.0,12.030558828535,42.695549016876,33.707854139355,23.596596843768,11977527315.230862
RUS,Russian Federation,2013,15974.6220703125,5.0,8.76278525750037,16376870.0,11.379366006462,38.481313406395,36.786968870609,24.731720084314,10472001139.67116
SRB,Serbia,2006,4382.61727851692,43.1,84.742385090327,87460.0,11.993557202051,16.842123015863,65.579670333882,17.578206650255,4219974.673499581
SRB,Serbia,2007,5848.47640545105,43.1,84.3994854790761,87460.0,11.603954855699,18.201075481718,64.155065885283,17.643858632998,2327797.032302582
SRB,Serbia,2008,7101.04014116862,43.1,84.0409558655385,87460.0,12.266813946085,17.455743668608,66.295569301595,16.248687029797,2548920.4110100423
SRB,Serbia,2009,6169.11419477823,43.1,83.7046306883147,87460.0,12.517971151106,19.560774495241,64.744912076348,15.69431342841,6059019.129486958
SRB,Serbia,2010,5735.42285659849,43.2,83.3688085982163,87460.0,12.870057239963,17.819900839758,66.846399713993,15.333699446249,13103416.1019816
SRB,Serbia,2011,6809.15980400146,43.2,82.7132289046421,87460.0,12.58422999766,15.522251326363,69.311239880876,15.166508792761,7482106.535013116
SRB,Serbia,2012,6015.94522756969,43.2,82.3127944203064,87460.0,12.60404884027,17.185379873287,66.352244758182,16.462375368531,3154199.0922747883
SRB,Serbia,2013,6755.07367461629,43.2,81.9132403384404,87460.0,11.920766728986,16.448103727568,65.586076589766,17.965848057023,9982543.7026451
SRB,Serbia,2014,6600.05621129155,43.2,81.529567802424,87460.0,11.937037838424,15.722261738885,66.028426941424,18.249311319691,12597793.72243189
SRB,Serbia,2015,5588.9794435877,42.6,81.1271781385776,87460.0,11.535446961431,16.664543050999,63.843850539929,19.491634850353,88897073.38454515
SRB,Serbia,2016,5765.20335248009,42.6,80.7034301394923,87460.0,11.598915521952,17.681225077327,62.277552159876,20.041222762797,78453459.24774656
SRB,Serbia,2017,6292.5465490011,42.6,80.275074319689,87460.0,11.867477121413,18.851771917983,62.170589991643,18.977638090374,48167219.582618766
SRB,Serbia,2019,7417.20660836868,42.6,79.4104161902584,87460.0,12.747333402563,19.731393304488,62.962683342098,17.305901658692,148796015.1206829
SRB,Serbia,2020,7733.80346893763,38.0,82.0445475086217,84090.0,10.701199031173,20.065079142527,65.329373431215,14.605547426257,172691324.9683569
SRB,Serbia,2021,9232.96160604855,38.1,81.2739445831847,84090.0,11.88994482706,19.209566482827,66.559920854021,14.230533188561,337073010.58633095
SVK,Slovak Republic,2005,11690.1134689407,74.6,111.700769230769,48100.0,7.1455830507675,21.197781467755,59.994565115061,18.807653417184,171200000.0
SVK,Slovak Republic,2006,13170.7849804675,74.6,111.705904365904,48100.0,6.8514139122256,20.227711404981,60.862314792032,18.909973802987,240750000.0
SVK,Slovak Republic,2007,16106.0604446695,74.0,111.738503118503,48100.0,6.5445060585634,18.534417399449,61.291289316742,20.174293283809,307090000.0
SVK,Slovak Republic,2008,18753.5849413816,73.9,111.834365904366,48100.0,6.4656236795895,19.793898511259,59.211102988947,20.994998499794,228980000.0
SVK,Slovak Republic,2009,16597.2084581361,73.9,112.006778956124,48090.0,6.2945776205303,24.261085811773,54.296507683834,21.442406504393,187250000.0
SVK,Slovak Republic,2010,16908.8479564876,73.9,112.108876920838,48091.0,6.1087234137672,24.041198379522,55.288973701817,20.66982791866,292110000.0
SVK,Slovak Republic,2011,18509.7402157541,73.9,112.260522375645,48088.0,6.090181338391,23.798605471563,54.219088329334,21.982306199103,309230000.0
SVK,Slovak Republic,2012,17498.3539002594,74.1,112.451734320413,48088.0,6.4205565535682,23.210339170895,54.941640310411,21.848020518694,231120000.0
SVK,Slovak Republic,2013,18276.0095516546,74.1,112.572637664282,48088.0,6.4588340458531,22.966172075753,52.652174061502,24.381653862745,346680000.0
SVK,Slovak Republic,2014,18719.9881409371,74.0,112.700686356073,48080.0,6.3215079226022,23.104084349612,53.026070568207,23.86984508218,295320000.0
SVK,Slovak Republic,2015,16390.8821748507,74.0,112.803148787488,48082.0,6.6256716041255,26.703317591913,47.016333626073,26.280348782013,316185000.0
SVK,Slovak Republic,2016,16563.4404971229,74.0,112.953369384359,48080.0,6.6517279225768,27.253699258114,45.301264054468,27.445036687418,140812000.0
SVK,Slovak Republic,2017,17585.197002257,74.0,113.128785357737,48080.0,6.6625337514321,25.75038031827,48.989973645101,25.259646036629,247277000.0
SVK,Slovak Republic,2018,19486.3936845505,74.0,113.285586522463,48080.0,6.7720143264392,25.167573752652,52.194007776708,22.63841847064,298958000.0
SVK,Slovak Republic,2020,19552.0911095911,74.0,113.536335274542,48080.0,4.9113498336269,22.577048007729,60.423853066128,16.999098926143,189176000.0
SVK,Slovak Republic,2021,21768.1486708026,74.0,113.295486688852,48080.0,5.2603546888104,23.915297067202,61.252589061314,14.832113871484,235400000.0
SVN,Slovenia,2005,18098.9085440003,60.6,99.3284011916584,20140.0,15.05475211436,36.153972073532,55.979513496702,7.8665553536643,44940000.0
SVN,Slovenia,2006,19672.9655554146,60.6,99.6458788480636,20140.0,15.083795763743,35.870570993646,56.484444090944,7.6449849154105,13910000.0
SVN,Slovenia,2007,23817.8867320201,60.6,100.204667328699,20140.0,15.488505265134,36.750885564758,55.985407470506,7.2637069647359,66340000.00000001
SVN,Slovenia,2008,27595.5999653992,60.6,100.332370372576,20146.2,15.872806698972,36.394075316485,55.910846469188,7.6951093437879,102720000.0
SVN,Slovenia,2009,24792.1279805504,60.6,101.245371243634,20145.8,15.011746543665,31.511547212356,61.017326071013,7.4710943936813,77040000.0
SVN,Slovenia,2010,23532.4808545468,60.6,101.685826607499,20146.2,15.008218770894,27.255155467572,65.698168669546,7.0467072207434,140170000.0
SVN,Slovenia,2011,25128.0150431304,59.7,101.898292465005,20146.0,14.981589832751,25.264111077573,67.666730470504,7.0691584519226,113420000.0
SVN,Slovenia,2012,22641.805122503,59.7,102.114049151928,20145.7,15.4760047801,20.400742066543,72.574630577786,7.0246273556708,77040000.0
SVN,Slovenia,2013,23503.2824850255,59.7,102.281678252234,20140.0,15.854012757953,19.319447201658,73.484121545785,7.1964312525571,149800000.0
SVN,Slovenia,2014,24247.1733184083,59.7,102.382323733863,20140.0,15.998642870455,19.452869983852,73.594981946373,6.952148069775,288900000.0
SVN,Slovenia,2015,20890.1664304173,59.7,102.446109241111,20142.6,16.035786970047,24.281574724906,68.501616729822,7.2168085452721,402320000.0
SVN,Slovenia,2016,21678.3594670629,59.7,102.52417833383,20142.0,15.787926757331,26.219388375596,66.918931467693,6.8616801567111,90308000.0
SVN,Slovenia,2017,23514.0254604147,59.7,102.610871929328,20138.1,16.619314107379,29.564787640091,63.985340855522,6.4498715043871,107000000.0
SVN,Slovenia,2018,26123.7471277911,59.7,102.992292564709,20136.4,16.971597085052,28.356621960683,65.442559146625,6.200842401123,163710000.0
SVN,Slovenia,2019,26042.4463468032,59.7,103.711934605987,20136.4,16.981424711921,29.48579254012,64.571934997496,5.9422724623841,222560000.0
SVN,Slovenia,2020,25558.4290544506,59.7,104.408881428657,20136.4,14.21020545289,30.551406618111,65.66278831496,3.7858050669285,202230000.0
SVN,Slovenia,2021,29331.0647010043,59.7,104.689964442502,20136.4,17.14512819456,34.125293620704,62.483408713151,3.3912976661447,403390000.0
SWE,Sweden,2005,43437.0631164776,24.5,22.1671788927031,407339.7,14.048296619358,30.841530645336,52.087341908983,17.071127445682,1392161075.850511
SWE,Sweden,2006,46593.6021646111,24.5,22.2922170365422,407339.7,13.575055376692,29.018616139691,52.38823365875,18.593150201559,1338063717.808752
SWE,Sweden,2007,53700.0053363063,24.4,22.4581399750626,407339.7,13.622684954207,29.116635262857,51.835986239575,19.047378497568,1546996033.332953
SWE,Sweden,2008,56152.552340314,24.5,22.6337796193202,407339.7,12.714698252002,23.575909529604,55.245793294448,21.178297175947,1643702648.4626462
SWE,Sweden,2009,46946.9602719954,24.8,22.8274214371936,407339.7,11.967982295696,21.517567296593,55.864707699478,22.617725003929,1634931303.029498
SWE,Sweden,2010,52869.0442891587,24.8,23.0228627359425,407339.7,12.67352183503,25.604730684176,53.02876793734,21.366501378484,1771531491.897906
SWE,Sweden,2011,60755.7595508465,24.9,23.1973780115221,407339.7,13.082502390954,26.286842669318,52.264487383538,21.448669947144,1699535867.783247
SWE,Sweden,2012,58037.8213192173,24.7,23.3696200002111,407339.7,12.758759688641,24.48492473934,52.7846906773,22.73038458336,1680045137.65262
SWE,Sweden,2013,61126.9431963979,24.4,23.5684835040631,407339.7,12.465434459807,24.807645957321,52.496431021377,22.695923021303,1487226403.0981092
SWE,Sweden,2014,60020.3604576572,24.2,23.8034986523533,407339.7,12.491164490821,27.010031174353,50.606068726496,22.383900099151,1584363134.6942222
SWE,Sweden,2015,51545.4836095322,24.2,24.0582617728817,407310.64,12.499846685555,29.610795175788,47.622237106497,22.766967717715,1744107434.924318
SWE,Sweden,2016,51965.1571531985,24.2,24.362449750883,407310.64,12.736912572516,30.675174286165,47.01093663388,22.313889079955,1606768772.5116472
SWE,Sweden,2017,53791.5087298403,24.2,24.6929419766692,407310.64,12.835081685977,29.723584003947,47.235454629544,23.040961366509,1631730847.0566032
SWE,Sweden,2018,54589.0603860606,24.2,24.9814588688378,407310.64,12.722904797858,27.548256514816,49.557245546411,22.894497938773,1524030438.6401463
SWE,Sweden,2019,51939.4297445291,24.2,25.2376654802124,407283.59,12.924031756883,28.254358262643,49.387506549785,22.358135187572,1809945119.82013
SWE,Sweden,2020,52837.9039778149,24.2,25.4207233696844,407283.532,11.31444728339,31.150017079665,53.891900123056,14.958082797279,2226339851.832128
SWE,Sweden,2021,61417.6808766469,24.3,25.5738569744311,407283.54,11.984922326615,33.605770095509,52.43628253323,13.957947371261,2427877336.172231
USA,United States,2005,44123.4070679055,16.0,32.2548765979183,9161920.0,11.162655256141,37.617192243433,52.935825339067,9.4469824174996,5492803052.699265
USA,United States,2006,46302.0008800056,15.9,32.5673998463204,9161920.0,10.938850324042,34.567899984918,55.8291014251,9.6029985899825,7202241833.240473
USA,United States,2007,48050.2237771135,15.8,32.8786113609374,9161920.0,10.825945851,33.493734716151,56.967781597322,9.5383864146157,7148676557.711996
USA,United States,2008,48570.0459804586,15.7,33.2436868537795,9147420.0,10.413468501383,28.311345049711,61.556410591742,10.132342688801,7436940194.478416
USA,United States,2009,47194.9433547336,15.7,33.5363992251367,9147420.0,9.1619240295615,30.205004916253,58.582414022404,11.212467390748,7640341412.473942
USA,United States,2010,48650.6431283336,16.0,33.8157800778799,9147420.0,9.6388973854577,29.932373840405,59.237562879643,10.829959303692,7879696774.193602
USA,United States,2012,51784.4185738837,15.9,34.3132448275033,9147420.0,10.584117657422,29.353737272858,59.762899318078,10.883275339574,11211529247.044481
USA,United States,2013,53291.1276891406,15.9,34.5518131888554,9147420.0,10.588418349208,30.077763899165,58.668342352533,11.253979184359,10546069680.77097
USA,United States,2014,55123.8497869046,15.8,34.8061342979769,9147420.0,10.428669155767,31.211320801807,57.19908322137,11.589595976823,12142349209.81291
USA,United States,2015,56762.7294515989,15.6,35.0633286762825,9147420.0,9.7441697826806,34.845511073225,52.889728351098,12.264760575677,16785355957.10173
USA,United States,2016,57866.7449341091,15.6,35.3183471405052,9147420.0,9.4281157734543,35.477140074058,51.99015775279,12.53278814666,13346403171.877632
USA,United States,2017,59907.754260885,15.6,35.5424948236771,9147420.0,9.6032975363372,34.723485526515,52.725537951641,12.550895526377,12283744965.90799
USA,United States,2018,62823.309438197,15.5,35.7300964643583,9147420.0,9.7812842586836,33.773239893622,53.246762107791,12.979997998587,11241060465.510061
